{"algorithm": "cp", "computation_time": 608.8741390705109, "instance_name": "mp_sp__10_6__4", "objective_value": 67.9, "order": [14, 23, 24, 30, 32, 34, 37, 38, 43, 54, 57, 4, 15, 20, 21, 33, 22, 47, 49, 53, 51, 50, 44, 59, 27, 28, 19, 48, 31, 35, 36, 39, 0, 45, 56, 6, 12, 8, 9, 7, 5, 10, 11, 13, 1, 16, 17, 18, 25, 26, 29, 40, 41, 42, 46, 52, 55, 58, 3, 2], "lower_bound": 312.7, "upper_bound": 326.7, "gap": 4.285277012549741}