{"algorithm": "cp", "computation_time": 612.8991601467133, "instance_name": "mp_sp__10_6__3", "objective_value": 3617008630159782.5, "order": [0, 1, 4, 35, 18, 6, 41, 45, 39, 34, 40, 2, 38, 3, 53, 47, 49, 54, 52, 17, 28, 25, 27, 43, 12, 20, 16, 14, 22, 5, 42, 21, 13, 33, 7, 10, 36, 51, 58, 48, 57, 26, 37, 44, 8, 19, 56, 32, 46, 31, 59, 11, 9, 50, 29, 30, 55, 15, 24, 23], "lower_bound": 291.9, "upper_bound": 334.5, "gap": 12.735426008968616}