{"algorithm": "cp", "computation_time": 611.5593197345734, "instance_name": "mp_sp__10_6__8", "objective_value": 3617008641468602.0, "order": [1, 3, 4, 9, 32, 41, 53, 10, 12, 49, 8, 2, 22, 19, 58, 21, 20, 0, 11, 5, 34, 52, 55, 43, 39, 24, 31, 17, 28, 46, 38, 47, 18, 29, 36, 56, 35, 50, 13, 23, 15, 54, 45, 7, 33, 37, 51, 30, 6, 57, 14, 27, 44, 40, 26, 16, 25, 42, 59, 48], "lower_bound": 363.5, "upper_bound": 373.2, "gap": 2.599142550911037}