{"algorithm": "cp", "computation_time": 610.534157037735, "instance_name": "mp_sp__10_6__6", "objective_value": -5277600622710245.0, "order": [10, 1, 36, 14, 11, 25, 16, 21, 55, 44, 4, 52, 35, 20, 2, 12, 53, 47, 50, 27, 24, 41, 43, 54, 32, 46, 6, 8, 57, 26, 42, 5, 15, 13, 51, 9, 19, 7, 28, 22, 56, 30, 33, 45, 58, 40, 59, 23, 39, 38, 49, 37, 48, 31, 17, 29, 18, 34, 0, 3], "lower_bound": 370.9, "upper_bound": 382.6, "gap": 3.0580240460010573}