{"algorithm": "cp", "computation_time": 609.5850067138672, "instance_name": "mp_sp__10_6__0", "objective_value": 3617008641903831.5, "order": [1, 2, 5, 6, 28, 32, 33, 34, 35, 36, 37, 38, 39, 40, 41, 42, 43, 44, 45, 47, 48, 49, 50, 51, 52, 53, 54, 55, 56, 57, 58, 59, 30, 9, 46, 3, 26, 25, 24, 27, 11, 0, 7, 8, 10, 15, 14, 17, 31, 23, 29, 12, 19, 16, 13, 22, 20, 18, 21, 4], "lower_bound": 322.5, "upper_bound": 329.4, "gap": 2.0947176684881534}