{"algorithm": "cp", "computation_time": 613.254115819931, "instance_name": "mp_sp__10_6__9", "objective_value": -8.358129202637841e+17, "order": [0, 1, 2, 5, 7, 8, 9, 10, 11, 12, 13, 14, 15, 16, 17, 18, 19, 24, 27, 29, 30, 31, 32, 33, 34, 35, 36, 37, 38, 42, 48, 49, 50, 51, 52, 53, 54, 55, 56, 57, 59, 39, 43, 46, 20, 26, 21, 47, 3, 44, 58, 6, 28, 45, 40, 23, 25, 22, 41, 4], "lower_bound": 343.4, "upper_bound": 357.6, "gap": 3.970917225950796}