{"algorithm": "cp", "computation_time": 613.1312766075134, "instance_name": "mp_sp__10_6__7", "objective_value": 3614140891800637.5, "order": [0, 1, 4, 33, 50, 29, 35, 55, 47, 36, 51, 15, 11, 12, 42, 8, 58, 45, 6, 5, 21, 16, 20, 22, 23, 24, 25, 18, 19, 13, 14, 7, 39, 26, 30, 9, 10, 53, 56, 38, 31, 49, 59, 28, 54, 57, 17, 32, 44, 46, 40, 34, 41, 37, 52, 27, 43, 48, 2, 3], "lower_bound": 312.5, "upper_bound": 352.1, "gap": 11.246804884975866}