{"algorithm": "cp", "computation_time": 612.5537853240967, "instance_name": "mp_sp__10_6__5", "objective_value": 295603916460655.1, "order": [0, 1, 5, 55, 26, 10, 49, 41, 57, 45, 47, 53, 36, 37, 54, 38, 4, 52, 51, 39, 50, 3, 15, 12, 44, 43, 48, 18, 19, 14, 33, 20, 11, 21, 40, 56, 9, 8, 22, 29, 30, 46, 59, 31, 13, 23, 25, 16, 27, 35, 24, 6, 34, 17, 32, 7, 42, 58, 28, 2], "lower_bound": 277.7, "upper_bound": 303.4, "gap": 8.470665787738955}