{"algorithm": "cp", "computation_time": 613.5193884372711, "instance_name": "mp_sp__10_6__1", "objective_value": 30.8, "order": [11, 12, 16, 19, 20, 22, 23, 7, 10, 0, 1, 2, 29, 30, 9, 8, 14, 15, 17, 21, 5, 4, 25, 13, 18, 26, 24, 27, 31, 28, 33, 34, 35, 36, 37, 38, 39, 40, 41, 42, 43, 44, 45, 46, 47, 48, 49, 50, 51, 52, 53, 54, 55, 56, 57, 58, 59, 32, 6, 3], "lower_bound": 317.2, "upper_bound": 342.3, "gap": 7.332749050540468}