{"algorithm": "cp", "computation_time": 610.9197390079498, "instance_name": "mp_sp__10_6__2", "objective_value": 9496521898404.8, "order": [1, 3, 15, 0, 7, 5, 21, 23, 31, 34, 35, 39, 44, 45, 57, 16, 11, 10, 6, 9, 30, 20, 22, 8, 56, 38, 53, 32, 33, 42, 55, 58, 12, 17, 18, 19, 24, 40, 41, 43, 46, 47, 54, 13, 36, 48, 59, 25, 37, 50, 49, 14, 26, 27, 51, 52, 28, 29, 2, 4], "lower_bound": 294.5, "upper_bound": 317.4, "gap": 7.21487082545683}