{"algorithm": "cp", "computation_time": 605.0914652347565, "instance_name": "mp_sp__20_2__7", "objective_value": -162.9, "order": [0, 10, 2, 12, 11, 33, 34, 3, 4, 35, 36, 13, 17, 19, 25, 26, 28, 15, 16, 23, 24, 27, 29, 39, 32, 5, 7, 8, 6, 37, 9, 38, 31, 14, 22, 18, 20, 30, 21, 1], "lower_bound": 171.0, "upper_bound": 185.9, "gap": 8.01506186121571}