{"algorithm": "cp", "computation_time": 604.5795803070068, "instance_name": "mp_sp__20_2__4", "objective_value": 18.5, "order": [5, 8, 13, 34, 6, 4, 7, 37, 38, 14, 39, 0, 1, 16, 19, 25, 27, 18, 22, 24, 26, 28, 31, 11, 10, 9, 12, 2, 35, 36, 17, 20, 21, 29, 30, 23, 32, 33, 15, 3], "lower_bound": 163.6, "upper_bound": 179.1, "gap": 8.654383026242323}