{"algorithm": "cp", "computation_time": 605.5741047859192, "instance_name": "mp_sp__20_2__9", "objective_value": 21.2, "order": [12, 14, 9, 3, 17, 36, 10, 4, 15, 8, 11, 16, 38, 6, 5, 39, 28, 0, 1, 20, 21, 24, 30, 33, 19, 25, 31, 7, 13, 35, 2, 37, 27, 29, 22, 23, 32, 34, 26, 18], "lower_bound": 173.5, "upper_bound": 198.0, "gap": 12.373737373737374}