{"algorithm": "cp", "computation_time": 604.4932613372803, "instance_name": "mp_sp__20_2__1", "objective_value": 34.1, "order": [8, 3, 13, 35, 15, 9, 14, 5, 4, 28, 6, 16, 0, 17, 23, 25, 29, 30, 31, 32, 33, 18, 20, 26, 7, 10, 11, 12, 1, 38, 36, 37, 39, 27, 19, 21, 22, 24, 34, 2], "lower_bound": 247.6, "upper_bound": 257.1, "gap": 3.69506028782576}