{"algorithm": "cp", "computation_time": 604.9004647731781, "instance_name": "mp_sp__20_2__2", "objective_value": 0.1, "order": [29, 28, 14, 0, 1, 10, 26, 5, 27, 11, 15, 7, 25, 33, 3, 8, 13, 12, 30, 31, 24, 23, 32, 36, 37, 35, 39, 21, 19, 4, 6, 9, 38, 20, 34, 22, 18, 16, 17, 2], "lower_bound": 166.1, "upper_bound": 197.3, "gap": 15.8134820070958}