{"algorithm": "cp", "computation_time": 606.7142677307129, "instance_name": "mp_sp__20_2__6", "objective_value": 18.2, "order": [0, 1, 6, 8, 7, 5, 3, 4, 9, 10, 11, 12, 13, 14, 15, 16, 17, 18, 19, 20, 21, 22, 23, 24, 25, 26, 27, 28, 29, 30, 31, 32, 33, 34, 35, 36, 37, 38, 39, 2], "lower_bound": 164.9, "upper_bound": 172.7, "gap": 4.516502605674571}