{"algorithm": "cp", "computation_time": 606.8371484279633, "instance_name": "mp_sp__20_2__8", "objective_value": 10.0, "order": [13, 5, 12, 7, 33, 4, 34, 35, 36, 37, 38, 8, 6, 28, 0, 1, 15, 18, 20, 22, 24, 25, 26, 14, 19, 21, 29, 30, 10, 11, 9, 2, 39, 23, 32, 16, 17, 27, 3, 31], "lower_bound": 187.1, "upper_bound": 197.5, "gap": 5.265822784810129}