{"algorithm": "cp", "computation_time": 604.2222697734833, "instance_name": "mp_sp__20_2__0", "objective_value": 163.4, "order": [7, 13, 35, 6, 8, 12, 4, 39, 3, 0, 14, 17, 19, 21, 22, 24, 26, 33, 23, 27, 28, 30, 32, 36, 38, 34, 37, 2, 5, 9, 10, 11, 1, 15, 25, 16, 18, 29, 20, 31], "lower_bound": 186.0, "upper_bound": 205.6, "gap": 9.533073929961088}