{"algorithm": "cp", "computation_time": 605.880649805069, "instance_name": "mp_sp__20_2__3", "objective_value": 28.1, "order": [8, 6, 35, 7, 36, 17, 13, 14, 37, 9, 5, 16, 15, 0, 1, 18, 21, 23, 24, 29, 27, 28, 30, 31, 32, 12, 11, 10, 4, 39, 38, 2, 26, 19, 20, 22, 25, 33, 34, 3], "lower_bound": 147.9, "upper_bound": 162.3, "gap": 8.872458410351204}