{"algorithm": "cp", "computation_time": 604.8155269622803, "instance_name": "mp_sp__10_4__3", "objective_value": 3606892952055377.0, "order": [0, 1, 2, 3, 8, 30, 14, 10, 12, 11, 22, 26, 27, 17, 31, 6, 4, 38, 36, 24, 32, 16, 28, 29, 25, 7, 18, 35, 37, 9, 39, 34, 13, 23, 15, 19, 33, 21, 20, 5], "lower_bound": 165.9, "upper_bound": 190.5, "gap": 12.91338582677165}