{"algorithm": "cp", "computation_time": 605.2696905136108, "instance_name": "mp_sp__10_4__1", "objective_value": 3617008641903826.0, "order": [1, 5, 36, 37, 38, 39, 9, 24, 8, 22, 12, 13, 15, 17, 19, 25, 10, 11, 4, 16, 18, 20, 7, 21, 14, 29, 30, 32, 26, 27, 33, 34, 28, 31, 35, 6, 23, 0, 3, 2], "lower_bound": 230.9, "upper_bound": 263.4, "gap": 12.338648443432033}