{"algorithm": "cp", "computation_time": 605.2098791599274, "instance_name": "mp_sp__10_4__7", "objective_value": 224.2, "order": [32, 36, 14, 2, 15, 31, 17, 24, 1, 21, 12, 7, 10, 30, 39, 9, 26, 11, 3, 23, 27, 33, 0, 6, 25, 13, 19, 22, 28, 35, 29, 37, 4, 18, 34, 8, 20, 16, 5, 38], "lower_bound": 211.0, "upper_bound": 224.2, "gap": 5.88760035682426}