{"algorithm": "cp", "computation_time": 604.9041657447815, "instance_name": "mp_sp__10_4__8", "objective_value": 2.8, "order": [0, 4, 5, 6, 7, 8, 9, 15, 38, 14, 23, 27, 29, 30, 31, 33, 34, 35, 11, 13, 36, 21, 28, 12, 18, 16, 1, 37, 17, 3, 19, 26, 22, 32, 24, 25, 20, 39, 2, 10], "lower_bound": 238.2, "upper_bound": 256.6, "gap": 7.170693686671875}