{"algorithm": "cp", "computation_time": 605.390246629715, "instance_name": "mp_sp__10_4__5", "objective_value": 1815548875669849.2, "order": [1, 2, 6, 29, 13, 34, 8, 33, 5, 3, 9, 17, 18, 30, 39, 37, 10, 23, 28, 22, 14, 11, 21, 31, 38, 32, 36, 7, 27, 20, 35, 19, 16, 24, 25, 12, 26, 15, 0, 4], "lower_bound": 265.5, "upper_bound": 269.7, "gap": 1.5572858731924317}