{"algorithm": "cp", "computation_time": 604.5517868995667, "instance_name": "mp_sp__10_4__2", "objective_value": 2.4, "order": [8, 0, 1, 9, 10, 12, 35, 27, 28, 5, 6, 30, 31, 33, 34, 38, 32, 37, 29, 36, 7, 25, 18, 26, 19, 23, 22, 20, 14, 15, 16, 17, 39, 4, 11, 13, 21, 24, 2, 3], "lower_bound": 209.6, "upper_bound": 251.1, "gap": 16.52727996814018}