{"algorithm": "cp", "computation_time": 605.0916650295258, "instance_name": "mp_sp__10_4__9", "objective_value": 3616458886089945.5, "order": [0, 1, 15, 7, 38, 11, 36, 26, 32, 10, 12, 18, 35, 25, 21, 14, 23, 34, 33, 20, 30, 24, 28, 29, 31, 37, 16, 22, 9, 5, 39, 8, 19, 13, 27, 17, 6, 3, 4, 2], "lower_bound": 199.7, "upper_bound": 217.0, "gap": 7.972350230414752}