{"algorithm": "cp", "computation_time": 602.6344740390778, "instance_name": "mp_sp__10_4__0", "objective_value": 2322223749034816.0, "order": [1, 31, 28, 29, 30, 37, 4, 27, 3, 5, 25, 7, 21, 13, 15, 0, 26, 6, 10, 9, 12, 2, 23, 39, 24, 11, 32, 16, 14, 18, 17, 8, 20, 19, 33, 38, 22, 35, 34, 36], "lower_bound": 238.5, "upper_bound": 280.3, "gap": 14.912593649661082}