{"algorithm": "cp", "computation_time": 605.0823874473572, "instance_name": "mp_sp__10_4__4", "objective_value": 3612573032836569.5, "order": [0, 3, 24, 8, 25, 27, 28, 29, 19, 26, 30, 4, 22, 37, 32, 6, 36, 15, 17, 11, 12, 10, 9, 16, 23, 13, 18, 20, 1, 14, 34, 31, 21, 35, 7, 38, 33, 39, 5, 2], "lower_bound": 206.6, "upper_bound": 215.7, "gap": 4.218822438572088}