{"algorithm": "cp", "computation_time": 600.8443918228149, "instance_name": "mp_sp__10_2__7", "objective_value": 113.0, "order": [6, 1, 2, 3, 18, 12, 19, 9, 15, 7, 0, 11, 14, 4, 16, 13, 5, 10, 8, 17], "lower_bound": 111.6, "upper_bound": 113.0, "gap": 1.2389380530973502}