{"algorithm": "mip", "computation_time": 600.2465224266052, "instance_name": "mp_sp__10_2__0", "objective_value": 154.59999995260262, "order": [5, 8, 18, 2, 15, 11, 1, 12, 13, 14, 17, 0, 19, 16, 10, 3, 7, 4, 9, 6], "lower_bound": 151.00000000017044, "upper_bound": 154.59999995260262, "gap": 2.3285898793893023}